{
  "sigma_v2": 1.4300000000000002,
  "scenarios": [
    {
      "scenario": "baseline",
      "fill_rate": 0.7,
      "extra_slippage_cents": 0,
      "old_trades": 179,
      "fixed_trades": 174,
      "var_trades": 180,
      "old_win_rate": 0.770949720670391,
      "fixed_win_rate": 0.764367816091954,
      "var_win_rate": 0.7555555555555555,
      "old_pnl": 1544.22,
      "fixed_pnl": 1540.95,
      "var_pnl": 1460.37,
      "fixed_delta": -3.269999999999982,
      "var_delta": -83.85000000000014,
      "old_drawdown": 14.009999999999991,
      "fixed_drawdown": 17.230000000000018,
      "var_drawdown": 14.009999999999991,
      "var_beats_old": false
    },
    {
      "scenario": "mild_conservative",
      "fill_rate": 0.6,
      "extra_slippage_cents": 1,
      "old_trades": 160,
      "fixed_trades": 158,
      "var_trades": 165,
      "old_win_rate": 0.78125,
      "fixed_win_rate": 0.7658227848101266,
      "var_win_rate": 0.7575757575757576,
      "old_pnl": 1245.69,
      "fixed_pnl": 1234.4,
      "var_pnl": 1201.38,
      "fixed_delta": -11.289999999999964,
      "var_delta": -44.309999999999945,
      "old_drawdown": 14.780000000000086,
      "fixed_drawdown": 18.320000000000164,
      "var_drawdown": 18.160000000000082,
      "var_beats_old": false
    },
    {
      "scenario": "conservative",
      "fill_rate": 0.5,
      "extra_slippage_cents": 2,
      "old_trades": 142,
      "fixed_trades": 142,
      "var_trades": 149,
      "old_win_rate": 0.7816901408450704,
      "fixed_win_rate": 0.7746478873239436,
      "var_win_rate": 0.7651006711409396,
      "old_pnl": 1031.17,
      "fixed_pnl": 1025.35,
      "var_pnl": 993.6,
      "fixed_delta": -5.820000000000164,
      "var_delta": -37.57000000000005,
      "old_drawdown": 15.059999999999945,
      "fixed_drawdown": 18.680000000000064,
      "var_drawdown": 19.529999999999973,
      "var_beats_old": false
    },
    {
      "scenario": "stress",
      "fill_rate": 0.4,
      "extra_slippage_cents": 3,
      "old_trades": 112,
      "fixed_trades": 113,
      "var_trades": 118,
      "old_win_rate": 0.7767857142857143,
      "fixed_win_rate": 0.7699115044247787,
      "var_win_rate": 0.7542372881355932,
      "old_pnl": 845.73,
      "fixed_pnl": 839.62,
      "var_pnl": 817.77,
      "fixed_delta": -6.110000000000014,
      "var_delta": -27.960000000000036,
      "old_drawdown": 21.259999999999998,
      "fixed_drawdown": 20.500000000000114,
      "var_drawdown": 22.18000000000012,
      "var_beats_old": false
    },
    {
      "scenario": "optimistic",
      "fill_rate": 0.85,
      "extra_slippage_cents": 0,
      "old_trades": 213,
      "fixed_trades": 208,
      "var_trades": 212,
      "old_win_rate": 0.7699530516431925,
      "fixed_win_rate": 0.7644230769230769,
      "var_win_rate": 0.7547169811320755,
      "old_pnl": 1645.1299999999999,
      "fixed_pnl": 1642.42,
      "var_pnl": 1551.75,
      "fixed_delta": -2.709999999999809,
      "var_delta": -93.37999999999988,
      "old_drawdown": 15.990000000000123,
      "fixed_drawdown": 12.700000000000045,
      "var_drawdown": 16.9,
      "var_beats_old": false
    }
  ],
  "new_wins_scenarios": 0,
  "total_scenarios": 5
}